{"name":"t:sections.footer.name","type":"footer","sections":{"footer":{"type":"footer","blocks":{"brand_information_FzbgHG":{"type":"brand_information","settings":{"show_social":true}},"link_list_cw8yUV":{"type":"link_list","settings":{"heading":"Useful Links","menu":"footer"}},"image_ttLti4":{"type":"image","settings":{"image":"shopify:\/\/shop_images\/Footer1.png","image_width":300,"alignment":"center"}}},"block_order":["brand_information_FzbgHG","link_list_cw8yUV","image_ttLti4"],"settings":{"color_scheme":"scheme-3","newsletter_enable":false,"newsletter_heading":"Subscribe to our emails","enable_follow_on_shop":true,"show_social":true,"enable_country_selector":false,"enable_language_selector":false,"payment_enable":false,"show_policy":false,"margin_top":0,"padding_top":44,"padding_bottom":60}}},"order":["footer"]}